id;timestamp;principal;resource_id;action;old_value;new_value;client_ip;is_success;created_by;created_date;last_modified_by;last_modified_date
1;2026-04-23T12:11:36;hormis;protéger à la merci;tellement;../fake-data/blob/hipster.txt;../fake-data/blob/hipster.txt;au point que;false;dring hors de façon à ce que;2026-04-23T08:28:36;hé ensuite;2026-04-23T00:04:30
2;2026-04-23T03:36:08;brusque brusque;commettre cuicui;membre du personnel en dépit de comme;../fake-data/blob/hipster.txt;../fake-data/blob/hipster.txt;proche de céans grrr;false;conseil municipal là-haut;2026-04-23T14:18:36;quand membre de l’équipe;2026-04-23T07:27:46
3;2026-04-23T14:26:23;si bien que;horrible cadre au-delà;sédentaire au-dessus de gigantesque;../fake-data/blob/hipster.txt;../fake-data/blob/hipster.txt;coupable;true;infime fourbe;2026-04-23T13:37:10;puisque tolérer;2026-04-23T11:38:35
4;2026-04-23T01:38:29;sale;au-dessus penser;actionnaire rectorat triste;../fake-data/blob/hipster.txt;../fake-data/blob/hipster.txt;proche de boum;false;si responsable toujours;2026-04-23T13:22:31;splendide dès alors que;2026-04-22T20:28:39
5;2026-04-22T21:57:10;quand hystérique vis-à-vie de;diablement sauf à gratis;membre à vie soudain rose;../fake-data/blob/hipster.txt;../fake-data/blob/hipster.txt;à l'instar de;true;ci à l'entour de;2026-04-23T01:31:54;d'entre;2026-04-22T16:12:22
6;2026-04-23T04:36:46;subsister magenta boum;hier;bondir jadis;../fake-data/blob/hipster.txt;../fake-data/blob/hipster.txt;splendide chut;false;demain ci prout;2026-04-23T10:14:20;concernant tuer vroum;2026-04-23T01:41:04
7;2026-04-23T02:36:51;clientèle guide;assez hystérique;foncer;../fake-data/blob/hipster.txt;../fake-data/blob/hipster.txt;violer serrer;false;vouh présidence blême;2026-04-22T20:56:02;guide main-d’œuvre concurrence;2026-04-23T13:29:59
8;2026-04-23T08:10:53;alors que;multiple;puisque moyennant aussitôt que;../fake-data/blob/hipster.txt;../fake-data/blob/hipster.txt;terriblement membre de l’équipe vroum;false;ailleurs main-d’œuvre absorber;2026-04-22T16:27:52;à partir de au lieu de;2026-04-23T01:27:36
9;2026-04-23T08:32:25;après que amorphe;secouriste immense mairie;comme;../fake-data/blob/hipster.txt;../fake-data/blob/hipster.txt;d’autant que;true;solitaire doucement;2026-04-22T20:30:39;sourire;2026-04-22T21:31:03
10;2026-04-22T14:54:39;quasi assimiler;signaler;magnifique derrière;../fake-data/blob/hipster.txt;../fake-data/blob/hipster.txt;police;true;smack;2026-04-22T18:49:23;du fait que si bien que;2026-04-23T08:33:07
