id;mfa_secret;role;created_by;created_date;last_modified_by;last_modified_date
1;bang aussitôt que vroum;ROLE_DOCTOR;tic-tac derrière totalement;2026-06-08T05:31:03;même si constituer;2026-06-08T06:25:24
2;biathlète;ROLE_PATIENT;évacuer franchir dense;2026-06-08T07:19:19;sitôt loin de;2026-06-08T04:23:25
3;large triathlète;ROLE_ADMIN;envers;2026-06-07T15:23:41;sauf à;2026-06-07T23:54:55
4;toc-toc;ROLE_DOCTOR;raide;2026-06-08T01:05:37;pendant que commis;2026-06-07T23:21:21
5;présidence;ROLE_ADMIN;terne;2026-06-07T12:05:05;miam zzzz du fait que;2026-06-08T02:29:20
6;gestionnaire administration badaboum;ROLE_ADMIN;timide à l'encontre de;2026-06-07T13:00:41;pendant que oups;2026-06-07T13:09:28
7;sans que depuis;ROLE_DOCTOR;quasiment délectable;2026-06-07T22:26:04;admirablement;2026-06-07T23:23:07
8;détruire tellement porte-parole;ROLE_ADMIN;derechef à raison de coupable;2026-06-08T08:09:37;approximativement;2026-06-07T21:03:49
9;refuser grossir;ROLE_DOCTOR;si bien que près ha;2026-06-08T08:05:47;occuper présidence aussitôt que;2026-06-07T19:07:16
10;sur aujourd'hui gai;ROLE_DOCTOR;alentour novice vide;2026-06-08T07:10:50;beaucoup après magenta;2026-06-07T23:11:30
